customer_id,first_name,last_name,email,city,country,gender,age,registration_date
1,Daniel,Figueroa,jeffreydoyle@example.net,New Roberttown,Bermuda,Male,19,2025-12-31
2,Jesse,Guzman,jennifermiles@example.com,South Bridget,Sudan,Female,33,2024-03-17
3,Katherine,Moore,jpeterson@example.org,Curtisfurt,Bhutan,Male,26,2023-04-23
4,Melanie,Munoz,blairamanda@example.com,New Kellystad,Morocco,Male,61,2024-10-21
5,Janet,Williams,kendragalloway@example.org,South Joshuastad,Central African Republic,Male,55,2024-02-05
6,Michael,Santiago,lynchgeorge@example.net,East Steven,Faroe Islands,Female,20,2024-11-08
7,Hailey,Robinson,megan03@example.org,Richardland,Croatia,Male,23,2026-01-01
8,Nancy,Edwards,pfoster@example.com,West Donald,Samoa,Male,32,2025-09-10
9,Amber,Burgess,zhurst@example.com,East William,Bermuda,Male,53,2025-09-01
10,Michelle,Hernandez,laurahenderson@example.org,Jamesmouth,Marshall Islands,Male,63,2023-06-25
11,Tasha,Valencia,frazierdanny@example.net,Kaylamouth,Bouvet Island (Bouvetoya),Female,32,2024-05-07
12,Ryan,Chavez,teresa28@example.org,Meaganhaven,New Caledonia,Female,55,2024-07-11
13,Eric,Farmer,georgetracy@example.org,Natashaport,Dominican Republic,Female,69,2024-02-15
14,John,Bradley,millertodd@example.org,East Donna,Yemen,Male,66,2023-07-11
15,Frederick,Rose,ibrandt@example.net,Lake Larry,Paraguay,Male,62,2025-08-14
16,Nathaniel,Lam,omartinez@example.org,Andrewside,Denmark,Female,39,2026-01-16
17,Jeffrey,Jones,perezrebecca@example.com,New Johnfort,Croatia,Female,27,2025-10-13
18,David,Walls,esanchez@example.com,North Collin,Jersey,Male,66,2025-07-28
19,Rodney,Owens,nuneztracey@example.org,South Jessicaville,Egypt,Female,24,2024-10-14
20,James,West,dwhite@example.org,South Lindseyside,Bolivia,Male,42,2024-02-04
21,Denise,Fernandez,novaksara@example.org,South Todd,Croatia,Male,40,2023-06-30
22,Rachel,Martin,gallowayjoseph@example.com,Rodneyside,Panama,Female,56,2024-12-25
23,Eric,Phillips,rileyamy@example.net,Brianshire,Lesotho,Female,69,2025-05-08
24,Samantha,Schmidt,yuchristopher@example.org,New Carlosbury,Iraq,Male,64,2025-06-02
25,Shelly,Hudson,harveyrobert@example.net,Sarahborough,Paraguay,Female,52,2023-10-16
26,John,Foster,stephen10@example.com,North Amandahaven,Estonia,Male,42,2024-08-13
27,Sarah,Ibarra,mikemoore@example.net,Cherylhaven,Algeria,Male,53,2023-11-04
28,Lisa,Evans,mcmillandennis@example.org,Lake Angelaview,Finland,Female,58,2026-02-13
29,Jason,Cooper,william40@example.org,Calderonton,Afghanistan,Female,54,2025-11-07
30,Kellie,Walsh,evan78@example.net,Hoffmanville,Belarus,Male,63,2024-09-12
31,Rebecca,Gardner,brandi26@example.org,West Michaelton,United Arab Emirates,Male,20,2026-03-21
32,Jason,Wright,gomezanita@example.com,East Michelle,South Georgia and the South Sandwich Islands,Male,67,2024-10-19
33,Nicole,Johnson,kimberly63@example.com,Port Jacqueline,Hong Kong,Female,23,2024-01-13
34,Michele,Walker,ybailey@example.org,North Donna,Iran,Male,24,2023-06-12
35,Joshua,Jones,michael86@example.net,Sheilaville,Turkey,Female,35,2024-09-03
36,Gregory,Estes,benjamin96@example.com,Samuelhaven,Brazil,Female,58,2024-05-22
37,Rachel,Lee,fletcheraaron@example.net,West Ryan,Yemen,Female,28,2024-12-01
38,Samantha,Hanson,cortezkevin@example.com,Nguyenport,Micronesia,Female,40,2026-02-07
39,James,Ortega,lbyrd@example.net,Richardtown,Gabon,Male,60,2023-10-27
40,Jason,Floyd,steven73@example.net,Leonburgh,Palestinian Territory,Female,62,2024-07-01
41,Justin,Beck,clarence34@example.org,East Andrew,Ecuador,Male,56,2023-08-22
42,Cheryl,Mack,operry@example.net,Lake Heather,Lithuania,Male,52,2025-04-20
43,John,Douglas,staffordmichelle@example.org,Robinsonhaven,Kyrgyz Republic,Male,28,2024-12-23
44,Angela,Lowery,bryantlaurie@example.net,Stephaniemouth,New Zealand,Female,42,2023-06-30
45,Ronald,Meadows,vmerritt@example.com,Greenbury,Tajikistan,Female,58,2025-06-05
46,Joshua,Strickland,rsims@example.com,Lake Justinview,Grenada,Male,61,2025-12-28
47,Patricia,Miller,jessebenson@example.net,North Robert,Greenland,Female,67,2024-08-21
48,Steven,Brown,xprice@example.net,Port Nicoleshire,Hong Kong,Male,32,2025-08-02
49,Adam,Bell,acastaneda@example.net,South Jeffrey,Jordan,Male,69,2025-04-22
50,Anthony,Rogers,dramsey@example.org,South Brittanytown,Belize,Female,43,2025-05-06
51,Roy,Camacho,brentgray@example.org,Murphyfurt,Fiji,Female,22,2026-01-05
52,Johnny,Miller,currybrett@example.com,Lake Casey,Pakistan,Male,54,2025-01-26
53,Karen,Herring,maryhowell@example.org,South Elizabeth,Mongolia,Female,31,2023-06-14
54,Steven,Scott,gary91@example.org,Danieltown,Vanuatu,Female,43,2024-03-16
55,Barbara,Odonnell,tsanders@example.org,New Hannahbury,Bosnia and Herzegovina,Female,27,2024-08-09
56,Kendra,Jefferson,hoganashlee@example.org,Amandastad,Bangladesh,Female,26,2026-03-31
57,Deborah,Smith,gshort@example.com,Cynthiamouth,Russian Federation,Male,65,2025-06-06
58,Ryan,Gross,christina87@example.com,Petersenshire,Ethiopia,Female,65,2023-12-06
59,Melissa,Rivas,ramirezshannon@example.com,Rogersfort,Thailand,Female,55,2024-08-25
60,Hunter,Lewis,matthew94@example.net,New Stacyland,Dominican Republic,Female,41,2024-08-29
61,Tracy,Chang,fbrewer@example.com,North Kellyfurt,Puerto Rico,Male,26,2025-01-03
62,Kevin,Perkins,wtran@example.com,Michaelmouth,Faroe Islands,Female,23,2024-04-24
63,John,Martinez,leslienewton@example.net,East Javier,Liberia,Male,25,2024-08-01
64,Jenny,Bray,tina34@example.org,Harrytown,Russian Federation,Male,58,2024-06-15
65,David,Williams,tranheidi@example.org,Garciatown,Montserrat,Male,68,2025-07-20
66,Taylor,Alexander,tammyking@example.com,Port Cameronfort,Barbados,Female,56,2024-06-27
67,Crystal,Brown,lisaavery@example.org,North Angela,Israel,Male,42,2025-09-25
68,Caitlin,Montgomery,chayes@example.com,Torreston,New Zealand,Female,56,2025-11-09
69,Stacey,Clark,josephmiller@example.org,New Charles,Afghanistan,Female,51,2023-09-14
70,Shannon,Wheeler,antonio44@example.net,Jonesbury,Uzbekistan,Female,53,2025-01-06
71,Kristin,Weber,ronaldstephens@example.net,West Margaret,Barbados,Male,61,2024-05-27
72,Gabriel,Parker,scott74@example.net,Benderhaven,Mauritius,Male,61,2023-07-14
73,Samuel,George,mnavarro@example.com,North Jeremyshire,Namibia,Female,67,2025-05-19
74,Yvonne,Chambers,barbara27@example.net,Moonburgh,Myanmar,Female,25,2023-05-15
75,Cynthia,Vasquez,harrisonricky@example.com,Port Eugenechester,Puerto Rico,Female,45,2025-02-18
76,Keith,Landry,gibsonleonard@example.com,Port Richardhaven,Sweden,Male,47,2025-05-21
77,Diane,Daniels,hbrown@example.com,Garrettton,Costa Rica,Male,64,2023-04-14
78,Andrea,Pennington,fgilmore@example.org,Lake Chelseabury,Russian Federation,Female,50,2024-05-31
79,Lance,Smith,hdavis@example.com,Lake Marilynfort,Venezuela,Male,50,2023-12-15
80,William,Hill,pbaird@example.com,South James,Netherlands Antilles,Male,58,2024-07-09
81,Julie,Taylor,hillkristy@example.com,Sarahhaven,Ethiopia,Female,58,2025-06-10
82,Justin,Evans,cgrimes@example.net,Reedside,Serbia,Male,27,2023-04-16
83,Nicholas,Cantu,tinaallen@example.com,Port Kimberly,Aruba,Female,66,2025-08-04
84,Julie,Thornton,qhughes@example.net,South Tammie,Brunei Darussalam,Male,52,2024-08-19
85,Tammy,Rivera,sawyerscott@example.net,Smithberg,Ireland,Male,56,2025-06-01
86,Tara,Jones,matthew61@example.com,Finleyfort,Tunisia,Female,49,2026-01-24
87,Barry,Jones,wendy16@example.org,South Garrettport,United Kingdom,Male,25,2025-07-31
88,Brandon,Flynn,michael62@example.org,Knightburgh,Chile,Female,69,2023-05-27
89,Christian,Pitts,tyleraguilar@example.org,Littlemouth,Equatorial Guinea,Female,33,2024-01-09
90,Albert,Ballard,erica21@example.com,Vanessaport,Northern Mariana Islands,Male,33,2026-02-11
91,Hannah,Bryant,james67@example.org,South Ashley,Morocco,Male,23,2025-01-31
92,Victoria,Phillips,khill@example.net,New Julieport,Singapore,Female,70,2024-07-15
93,Catherine,Gomez,christinebyrd@example.net,Lake Colton,Niue,Male,66,2024-04-04
94,Benjamin,Kramer,rileyjessica@example.org,Markchester,China,Male,26,2026-01-11
95,David,Ryan,alyssa42@example.com,Coffeyport,San Marino,Female,53,2024-02-18
96,Linda,Mcdonald,taylortammy@example.net,Coffeyside,Haiti,Male,34,2024-09-20
97,Krystal,Smith,gibsonemily@example.net,Brendastad,Botswana,Female,31,2023-08-31
98,Jesus,Johnson,rose31@example.net,Blankenshipport,Pakistan,Male,63,2026-02-24
99,Darryl,Williams,torrestravis@example.org,New Derek,Korea,Female,43,2025-01-06
100,Ellen,Paul,umatthews@example.org,Penafort,Nicaragua,Female,46,2024-11-09
101,Sheila,Ramirez,jeff73@example.com,Lake Michaelstad,Bahamas,Female,25,2025-01-05
102,Joshua,Donaldson,ndavis@example.net,North Kristinbury,Brunei Darussalam,Male,32,2024-12-21
103,Jamie,Gallegos,brendali@example.org,Kimtown,Falkland Islands (Malvinas),Male,39,2025-09-06
104,Vanessa,Fernandez,danieldelacruz@example.org,West Kristybury,Namibia,Male,55,2023-11-23
105,Alfred,Baker,judyfox@example.net,South Shanestad,Malaysia,Male,55,2024-08-27
106,Daniel,Gordon,acostaregina@example.net,Stephentown,Bahamas,Male,18,2025-10-21
107,Melanie,Simmons,henryrenee@example.org,West Charleneland,Brunei Darussalam,Male,63,2025-04-26
108,Claudia,Richards,oscar98@example.com,Wagnerchester,Bolivia,Male,32,2024-06-13
109,Danny,Pena,russellbeasley@example.com,Mariafurt,Israel,Male,20,2026-04-07
110,Larry,Edwards,nicholas27@example.org,Port Christopherchester,Bhutan,Female,22,2023-09-07
111,Lisa,Hawkins,elizabeth65@example.net,Parrishton,France,Male,35,2024-11-11
112,Larry,Garcia,ericolson@example.org,Meganstad,Brazil,Female,31,2025-10-31
113,Audrey,Aguirre,lynchdiane@example.net,Anthonyview,Reunion,Male,64,2024-06-18
114,Sandra,Bell,mollyknight@example.com,East Joycetown,Bermuda,Female,33,2024-08-04
115,Jason,Barnes,eric45@example.net,North Ericton,Peru,Female,69,2025-07-15
116,Joseph,Stanley,alawson@example.com,Port William,Guatemala,Female,30,2023-08-17
117,Daniel,Gregory,trose@example.org,South Tracey,Azerbaijan,Male,24,2025-02-08
118,James,Dougherty,kathrynroberts@example.org,South Julieburgh,Bulgaria,Female,40,2023-04-24
119,Amanda,Hall,charles06@example.org,Morsemouth,Morocco,Female,44,2024-11-23
120,Ashley,Mckinney,zroberts@example.org,Georgemouth,Switzerland,Female,64,2025-02-07
121,Samantha,Davis,sanchezbrianna@example.net,South Monicamouth,Cyprus,Male,61,2026-03-19
122,Kimberly,Jones,schmidtjames@example.com,Jessicaberg,Dominica,Male,21,2024-09-11
123,Dwayne,Gonzalez,kathleenrios@example.org,Marshallshire,Senegal,Female,64,2023-09-19
124,Shane,Glass,michelle52@example.com,South Scottport,South Africa,Female,69,2025-09-29
125,Brittany,Bell,collinsshannon@example.org,Marieland,Oman,Male,33,2024-06-12
126,Christina,Hunter,ycarpenter@example.net,South Reginashire,Pakistan,Male,30,2023-08-31
127,Marc,Alvarez,susanhayes@example.com,New Debbieton,Egypt,Female,26,2024-01-30
128,Vickie,Warren,michaelhardin@example.com,Schroederton,Somalia,Female,29,2025-02-21
129,Deborah,Jones,grantpaul@example.com,West Christopher,Panama,Female,47,2025-12-18
130,Sabrina,Collins,tanderson@example.org,Angelicamouth,Suriname,Male,22,2023-11-18
131,Elizabeth,Calderon,lucasrodney@example.com,West Kyleborough,Guam,Female,69,2023-10-28
132,James,Cooke,chrisrichard@example.org,Lake Matthewberg,Nepal,Male,21,2025-05-07
133,Eric,White,jenniferwilliams@example.com,South Cheryl,Sao Tome and Principe,Male,23,2024-11-18
134,Jesus,Allen,mmckee@example.com,Murrayport,Slovakia (Slovak Republic),Male,28,2025-03-10
135,Wesley,Barnes,lisasolis@example.org,Brettfort,Tunisia,Female,49,2024-11-26
136,Angela,Garcia,mitchellkathryn@example.com,Whiteheadberg,Switzerland,Female,31,2024-11-09
137,Christopher,Lozano,bwilkerson@example.com,South Waynebury,Hungary,Female,21,2025-02-20
138,Nicholas,Johnson,combsdebra@example.org,North Justin,Switzerland,Male,42,2023-08-17
139,Heather,Taylor,awest@example.org,West Jasonberg,Mexico,Male,42,2025-04-15
140,Allison,Rodriguez,john10@example.org,Fowlermouth,Bahrain,Female,68,2025-11-13
141,Mary,Porter,chenbailey@example.net,West Ruben,Nicaragua,Female,36,2023-10-02
142,John,Butler,millsmichael@example.net,South Morganton,North Macedonia,Female,62,2024-10-12
143,Tina,King,kellycarlos@example.org,Port Bonniemouth,Burkina Faso,Female,27,2024-12-03
144,Michael,Morgan,mariacohen@example.net,Welchberg,Bahrain,Male,36,2023-06-20
145,Benjamin,Harris,ninastewart@example.com,Haysside,Lebanon,Male,21,2025-03-23
146,Benjamin,Lucas,michael05@example.com,Port Michealfurt,Samoa,Male,65,2024-05-10
147,Patricia,Hughes,tylerjimenez@example.net,Lauriechester,Belgium,Female,21,2025-02-24
148,Carrie,Short,manuel15@example.net,Kirkchester,Chad,Male,55,2025-02-09
149,Scott,West,christina64@example.net,North Emilyfurt,Haiti,Female,50,2026-03-19
150,Laurie,Shelton,thomascathy@example.com,East Carlosstad,Guyana,Male,21,2025-06-18
151,Stacy,Johnson,erikarush@example.com,Hinesshire,Burundi,Male,29,2024-11-27
152,Michael,Edwards,john10@example.net,South April,United States Minor Outlying Islands,Male,56,2025-07-13
153,David,Hampton,nlewis@example.com,Gonzalezberg,Timor-Leste,Male,61,2025-09-01
154,Shannon,Roach,zosborn@example.net,Elizabethland,Mexico,Male,43,2023-08-06
155,Kelly,Evans,jenniferho@example.net,Port Michael,Czech Republic,Male,54,2025-08-02
156,Tracie,Conner,kristyjohnson@example.net,Tannerside,Bulgaria,Male,55,2023-10-18
157,Nicole,Jones,ukey@example.com,Hammondshire,Barbados,Male,57,2025-11-18
158,Teresa,Day,howens@example.com,Port Kimberly,Northern Mariana Islands,Male,44,2023-10-24
159,Hunter,Burch,dshaw@example.org,West Fred,Gibraltar,Female,34,2025-10-12
160,Michael,Everett,meghan43@example.net,Davidport,Nicaragua,Male,60,2024-03-28
161,Clarence,Davidson,georgeweber@example.net,Meganshire,Armenia,Female,33,2025-07-19
162,Christopher,Fry,debra96@example.net,South Pamelaside,French Guiana,Female,43,2023-05-27
163,Sue,Webb,eevans@example.net,East Scottfort,Kyrgyz Republic,Male,60,2026-01-04
164,Matthew,Thomas,jessica56@example.org,Zacharyville,Ghana,Female,47,2024-02-23
165,Steven,Adams,donaldwilliams@example.com,Wrightburgh,Suriname,Female,66,2024-04-22
166,Sarah,Griffith,kathrynjimenez@example.net,Jimenezport,Luxembourg,Male,18,2024-09-02
167,Christopher,Long,nlevy@example.net,Brandonport,Lithuania,Female,57,2023-05-19
168,Nicole,Pena,amitchell@example.org,Andersonview,Saint Lucia,Male,22,2025-10-27
169,Kathryn,Diaz,jwilliams@example.org,Angelaland,Hungary,Male,50,2024-11-01
170,Shannon,Pierce,andersoncolin@example.com,Angelastad,Saudi Arabia,Female,26,2025-06-04
171,James,Hicks,williamsderrick@example.com,Stoneberg,New Caledonia,Female,22,2023-11-23
172,Donald,Velazquez,francisco94@example.net,Williamhaven,Martinique,Male,41,2025-06-21
173,Jeanne,Evans,richardsonemily@example.com,Lauratown,Nepal,Female,28,2025-05-12
174,Joseph,Rios,jennifersilva@example.org,Hernandezbury,Antigua and Barbuda,Female,52,2025-04-19
175,Stacy,Rodriguez,alexanderrobert@example.com,South Warren,New Zealand,Female,57,2025-09-18
176,Monique,Fitzgerald,thorntonapril@example.net,Whitneyfort,Malta,Male,60,2025-04-14
177,Lee,Thompson,amy49@example.com,East Joshua,French Southern Territories,Female,60,2024-11-18
178,Shelly,Hendrix,janet75@example.com,Annview,France,Male,26,2024-03-27
179,Ashley,Daniels,xcardenas@example.org,Bobbyland,Guatemala,Female,25,2023-10-19
180,Diana,Burgess,jamesryan@example.net,Derrickshire,Dominican Republic,Male,65,2025-02-28
181,Brent,Stein,danawilliams@example.com,Jenniferville,Pitcairn Islands,Male,35,2024-04-23
182,Adam,Pierce,richarddonovan@example.com,Santosport,Gibraltar,Female,56,2023-11-12
183,Debbie,Velez,pearsonjesse@example.net,East Robertburgh,Vietnam,Male,63,2024-06-29
184,Wendy,Sanders,vlopez@example.com,North Kennethville,Vanuatu,Female,31,2023-06-08
185,Justin,Hays,ismall@example.net,Nelsonville,Greenland,Female,50,2024-09-14
186,Jessica,Wong,alexisrogers@example.com,East Cheryl,Northern Mariana Islands,Female,34,2023-12-21
187,Margaret,Robertson,moralescody@example.org,Morrisbury,Albania,Male,23,2025-01-01
188,Patrick,Griffin,stephanie49@example.net,West Desireebury,Bahamas,Female,35,2024-05-22
189,David,Parker,tparks@example.com,Lake Sabrinaport,Heard Island and McDonald Islands,Male,18,2026-02-13
190,Jeffrey,Bernard,vhernandez@example.net,Robertside,United States Minor Outlying Islands,Female,67,2025-11-22
191,Katherine,Pham,kathleenbecker@example.net,New Seanstad,Belarus,Male,58,2025-04-13
192,Daniel,Poole,ashleyhernandez@example.com,Wilsonborough,Saint Barthelemy,Female,28,2025-09-05
193,Tracy,Nolan,dstokes@example.org,Bryantton,Monaco,Female,53,2025-10-04
194,Emily,Parker,fosterlisa@example.net,New Charles,Jamaica,Female,53,2025-03-31
195,Isabella,Weaver,michaelcesar@example.com,West Robertberg,Seychelles,Male,25,2024-09-29
196,Tiffany,Brewer,ybrooks@example.com,Bennettside,Burkina Faso,Male,62,2026-01-03
197,Michelle,Wilson,urice@example.org,Port Andrewport,Kyrgyz Republic,Male,52,2026-01-22
198,Jennifer,Coleman,pmorrow@example.com,Ericborough,Vietnam,Male,41,2026-02-22
199,Antonio,Keller,allencarlos@example.net,South Carlaton,Ecuador,Male,45,2023-10-05
200,Richard,Young,karenparsons@example.org,Jimshire,Ghana,Male,20,2023-06-20
201,Carla,Chambers,joel28@example.org,Turnerton,Moldova,Female,41,2025-09-26
202,Nichole,Buck,dpeters@example.com,Floydmouth,Qatar,Male,40,2025-10-18
203,Ricky,Evans,karenwells@example.org,Meredithberg,Sri Lanka,Male,61,2025-01-18
204,Robin,Hart,igrant@example.com,West James,Oman,Male,60,2025-04-01
205,Sandra,Boone,nicholsmaria@example.org,Nicholaston,Tunisia,Male,40,2023-08-13
206,Jacob,Gill,timothybooth@example.com,Susantown,Croatia,Female,57,2023-08-04
207,Suzanne,Wilson,srocha@example.net,South Rose,Micronesia,Male,33,2024-02-02
208,Kimberly,James,kyle58@example.com,Garciafort,Senegal,Male,69,2024-08-24
209,Robin,Wood,owilliams@example.net,North Jose,Vietnam,Male,44,2024-08-22
210,Beth,Butler,jameshall@example.net,South Andrea,Western Sahara,Male,29,2025-10-06
211,Matthew,Hines,plevy@example.net,Murraystad,Chile,Female,68,2026-03-11
212,Jennifer,Freeman,warrenmary@example.org,Port Adamberg,Tajikistan,Female,69,2023-11-16
213,Jesse,Mann,robinsonstephen@example.org,Hopkinstown,Albania,Male,35,2025-12-17
214,Andrea,Smith,amanda40@example.net,Drakeburgh,Botswana,Male,68,2025-07-17
215,Alice,Allen,lisa46@example.org,Susanmouth,Mongolia,Male,42,2023-09-09
216,Veronica,Perez,valdezmichele@example.org,South Nicholasside,Lebanon,Male,48,2024-04-24
217,Dana,Warner,porterryan@example.com,New Samanthabury,Croatia,Male,30,2023-07-09
218,Paige,Alvarez,glassgabrielle@example.com,East Sarahmouth,Andorra,Female,40,2026-03-23
219,Brenda,Goodwin,thickman@example.org,New Mary,Iceland,Female,70,2024-02-28
220,Peggy,Rivera,krystalnorris@example.org,Brianchester,Djibouti,Male,32,2026-02-27
221,Matthew,Mack,unovak@example.org,Kristenmouth,Liechtenstein,Male,60,2023-08-09
222,Michael,Pugh,llopez@example.net,Millerport,South Georgia and the South Sandwich Islands,Male,43,2024-04-01
223,Jennifer,Miller,normanbowers@example.org,Stewartville,Bermuda,Female,35,2024-04-29
224,Sherry,Wallace,curtis12@example.com,Hawkinshaven,Ireland,Male,67,2023-04-21
225,Anthony,Gomez,carlsonkristen@example.com,West Robertland,Saint Kitts and Nevis,Female,40,2023-09-20
226,Rebecca,Spence,ginajackson@example.com,Josephberg,Bahrain,Female,61,2025-08-29
227,Ryan,Fisher,xpatton@example.com,Lake Colleen,Nepal,Female,19,2023-12-28
228,James,Rodriguez,adam65@example.net,Brockmouth,Kazakhstan,Male,34,2025-11-25
229,Ryan,Colon,kevinmorrison@example.net,South Leon,Indonesia,Male,55,2024-09-13
230,Kelly,Neal,yfaulkner@example.org,Nicholasfurt,Haiti,Female,20,2024-08-20
231,Sarah,Gonzalez,erinpierce@example.net,Hahnborough,Kazakhstan,Male,56,2023-10-06
232,Marie,Jones,ichambers@example.net,Johnberg,Saint Barthelemy,Female,40,2024-07-08
233,Kristina,Jones,iaguilar@example.net,Stephensstad,Reunion,Female,45,2025-01-29
234,Brittney,Rocha,mackdiane@example.com,Lake Cheyenne,Mongolia,Male,42,2025-07-25
235,Erica,Ross,tammy61@example.org,West Jeffreyhaven,Moldova,Male,34,2026-01-09
236,Gwendolyn,Walker,peter98@example.org,Whitneyfort,Bosnia and Herzegovina,Male,63,2025-09-30
237,Robert,Nixon,guerrajessica@example.com,Matthewborough,Mali,Female,18,2024-07-14
238,Michael,Davis,tflores@example.org,North Melindaville,Philippines,Male,41,2025-05-02
239,Sarah,Yang,andrearivera@example.com,Hallfurt,Norfolk Island,Female,22,2023-12-24
240,Jacob,Sandoval,njohnson@example.org,Vargasfurt,Albania,Female,57,2024-01-24
241,Jason,Ramirez,raylauren@example.net,West Mark,Kuwait,Female,60,2026-04-11
242,Jose,Huffman,candice96@example.net,West Michaelmouth,Niger,Male,64,2023-10-07
243,Lisa,Mccarthy,samantha91@example.net,West David,Gambia,Female,50,2024-01-06
244,Isaac,Steele,ibarnes@example.net,Hendersonfort,North Macedonia,Female,60,2023-10-11
245,Heather,Brewer,angelaburns@example.org,West Megan,Niger,Female,38,2025-07-25
246,Michelle,Crane,ytaylor@example.net,Ortizfort,Israel,Female,62,2023-07-05
247,Tracy,Miller,flynnjeffrey@example.org,Jeffreyport,Chile,Female,53,2025-03-02
248,Ariel,Barton,hdunn@example.net,West Kimberlystad,Mauritius,Male,30,2025-03-23
249,Kathleen,Alexander,veronicagarcia@example.net,West Nancy,Antigua and Barbuda,Female,60,2023-06-16
250,Jose,Atkins,gonzalesvictoria@example.org,Port Joan,Portugal,Female,61,2025-03-11
251,Michelle,Bishop,imartin@example.org,Port Brian,Guernsey,Male,57,2024-10-08
252,Juan,Ryan,tiffany44@example.net,Stephaniehaven,United Arab Emirates,Female,43,2025-07-17
253,Lisa,Taylor,rsellers@example.net,Lake Michelle,Egypt,Male,37,2026-03-03
254,Jennifer,Poole,kburns@example.net,Courtneyfurt,Korea,Female,31,2023-11-26
255,Cynthia,Beard,powellkara@example.net,Shawnfort,Greece,Female,68,2023-08-08
256,Aaron,Schroeder,simonstephen@example.net,Melissaside,Indonesia,Female,47,2025-10-03
257,Tammy,Summers,sadams@example.com,New Melissa,Solomon Islands,Female,46,2024-03-16
258,Patricia,Farmer,garciakristen@example.com,North Sarahburgh,Kazakhstan,Male,50,2024-09-27
259,Aaron,Rubio,wendyblankenship@example.net,Erikview,Bermuda,Female,68,2025-03-22
260,Michael,Miller,brettgarrett@example.net,South Diana,Romania,Male,60,2026-01-23
261,Aaron,Woods,brittneystone@example.com,North Heatherville,Tokelau,Male,36,2023-09-07
262,Heather,Woods,patrickcross@example.org,West Michaelport,Burundi,Female,23,2025-01-28
263,Kiara,Mullins,darlenebyrd@example.org,New Debramouth,Guernsey,Male,61,2024-11-27
264,Courtney,Hernandez,cjensen@example.org,North Donaldville,Namibia,Female,32,2024-03-08
265,Michael,Jordan,johnnewman@example.org,Kimberlytown,Thailand,Male,27,2024-11-29
266,Nancy,Harris,juliephillips@example.org,South Paul,Dominican Republic,Male,20,2026-01-29
267,Danielle,Jones,hatfieldsarah@example.org,Valenciashire,Italy,Male,48,2025-05-28
268,Amy,Thompson,xbest@example.org,New Carlosview,Cuba,Male,47,2024-10-31
269,Sandra,Fry,ohunter@example.net,Hendersonfurt,Belize,Female,58,2023-06-13
270,Amanda,Jensen,christopher18@example.org,New Mark,Namibia,Male,63,2026-01-02
271,Kathryn,Santos,collinssamuel@example.org,East Christopherchester,Brazil,Female,49,2025-12-23
272,Cheryl,Brown,davidzimmerman@example.net,East Tylerstad,Mali,Female,33,2025-03-17
273,Krista,Le,nathanbrady@example.com,Port Rachelmouth,Sri Lanka,Male,59,2025-06-24
274,Joseph,Brown,crawfordwilliam@example.org,Villarrealburgh,Heard Island and McDonald Islands,Male,66,2025-02-07
275,Jonathan,Garcia,perezwilliam@example.org,East Brandonstad,Hungary,Male,67,2023-12-13
276,Harold,Horne,tranrobin@example.net,Walkerbury,Israel,Female,32,2023-12-02
277,Joseph,Miller,david02@example.org,South Caseymouth,Tonga,Male,69,2024-08-22
278,Kiara,Collins,tranalan@example.org,Anneport,Saint Vincent and the Grenadines,Female,21,2024-06-24
279,John,Richardson,xcuevas@example.org,East Adam,Ireland,Male,25,2025-12-05
280,Jesse,Reed,tapiaaaron@example.net,Sweeneyport,Bosnia and Herzegovina,Female,26,2023-05-20
281,Alyssa,Allen,jwoodward@example.net,Christopherbury,Ukraine,Female,60,2024-02-25
282,Robert,Huang,fvillegas@example.net,New Dennisfurt,Belarus,Female,66,2025-06-28
283,Ashley,Graham,joelgreen@example.com,Haynesmouth,Ghana,Female,57,2025-10-18
284,Joseph,Jones,derekcarrillo@example.org,North Frank,Lao People's Democratic Republic,Female,53,2025-03-16
285,Richard,Herrera,shannonford@example.org,East Lindseyport,Sweden,Female,28,2024-08-12
286,Heidi,Williams,eddie35@example.com,Lake Kentburgh,Antarctica (the territory South of 60 deg S),Female,46,2026-04-11
287,Melissa,Hawkins,codygarcia@example.org,North Bryanbury,Bulgaria,Female,66,2024-12-31
288,Madison,Watson,aguilarjonathan@example.org,North Jamesmouth,Sudan,Male,58,2024-02-14
289,Christopher,Boone,david70@example.org,Underwoodfurt,Luxembourg,Female,67,2023-10-30
290,Patrick,Simmons,jason24@example.com,Stephensonton,Nicaragua,Female,58,2023-05-28
291,Christina,Holland,jjenkins@example.com,North Joshuaberg,Italy,Male,35,2025-11-29
292,Dawn,Robles,crystalpham@example.org,Caseystad,Lesotho,Female,22,2024-02-16
293,Kimberly,Cooper,paul20@example.com,North Paula,Slovakia (Slovak Republic),Female,33,2025-08-05
294,Brian,Frey,katie32@example.org,Lake John,Martinique,Female,39,2024-06-22
295,Kathryn,Gould,lkelly@example.org,New Louis,Saint Pierre and Miquelon,Female,52,2023-07-08
296,Michael,Vargas,stacey92@example.net,Port Vanessa,Turkmenistan,Male,26,2026-03-31
297,Amber,Thompson,davisjesse@example.org,New Timothymouth,United States Virgin Islands,Male,32,2025-05-16
298,James,Anderson,samantharichard@example.com,North Dylanberg,Singapore,Female,62,2025-11-22
299,Meghan,Valencia,brookssheri@example.com,West Kevinberg,Cayman Islands,Male,63,2023-10-02
300,Latoya,Yu,grant89@example.com,Lake Brianna,China,Male,22,2025-02-19
301,Kurt,Barker,gregorysmith@example.net,Rosalesshire,Antigua and Barbuda,Female,44,2024-11-20
302,Carrie,Mccall,daniellegarcia@example.com,West Julie,Dominica,Female,52,2024-01-20
303,Toni,Jackson,underwoodelizabeth@example.net,Seanview,Cote d'Ivoire,Female,44,2024-10-02
304,Heather,Bell,lebrandon@example.com,Costachester,Lithuania,Male,31,2024-05-04
305,Michael,Bennett,kkramer@example.net,East Shannon,South Georgia and the South Sandwich Islands,Female,42,2024-11-21
306,Kenneth,Flores,jonesgeorge@example.com,Lake Charles,Western Sahara,Male,66,2023-06-03
307,Matthew,Galloway,bbush@example.net,New Pamela,Cayman Islands,Female,48,2023-09-04
308,Craig,Harris,robertspencer@example.net,Donnaport,Dominica,Male,40,2023-07-05
309,Brandon,Armstrong,xhernandez@example.org,Millerfort,Cook Islands,Female,66,2023-09-09
310,Anthony,Jackson,tiffany71@example.com,Ruizview,Bermuda,Female,44,2023-09-10
311,Amy,Lopez,cwood@example.org,Scottview,Czech Republic,Male,49,2026-01-04
312,Anne,Hernandez,millermaurice@example.net,Arellanoshire,Denmark,Male,35,2024-06-03
313,Bruce,Hughes,rsheppard@example.com,South Kent,Indonesia,Female,49,2025-08-19
314,Wayne,Lester,davidtodd@example.org,East Lindsey,Brunei Darussalam,Male,42,2023-06-05
315,Rodney,Mcneil,oharris@example.org,Luisland,Benin,Female,60,2023-06-18
316,Angela,Arnold,april09@example.net,Rodriguezberg,Cameroon,Female,64,2024-12-05
317,Brianna,Chang,buckleyanna@example.org,Mikaylastad,Turkey,Male,47,2025-09-09
318,Joseph,Pena,rjohnson@example.com,New Charlotte,Puerto Rico,Male,57,2025-01-10
319,Benjamin,Preston,hannah07@example.com,Andrewport,Georgia,Male,43,2024-12-27
320,Megan,Garrison,comptonjeremy@example.com,Schroedermouth,Ethiopia,Male,23,2024-06-21
321,Cassidy,Davis,alewis@example.net,Malonestad,Swaziland,Female,26,2025-01-19
322,Zachary,Moore,jenna62@example.net,East Jamesborough,Taiwan,Female,29,2023-07-09
323,John,Bryant,janet45@example.com,Reidville,Pitcairn Islands,Male,34,2023-07-11
324,John,Burns,ethompson@example.net,Maxview,San Marino,Female,38,2023-05-30
325,Christopher,Johnson,martinashley@example.org,Lake Jeffrey,Costa Rica,Male,47,2026-03-18
326,Denise,Palmer,wellsdavid@example.org,East Johnnyport,Rwanda,Female,39,2024-06-04
327,Joshua,Woodard,stephen37@example.com,Silvatown,Malawi,Female,35,2026-01-05
328,Tammy,Franco,kenneth17@example.org,Vanessamouth,Tokelau,Female,34,2026-02-04
329,Jose,Dawson,jacob83@example.org,Guerreroberg,Saint Helena,Male,48,2024-06-16
330,Diana,Bright,rebecca66@example.net,New Jeanshire,Suriname,Male,65,2023-05-22
331,Matthew,Reeves,qknox@example.com,Meganside,Cocos (Keeling) Islands,Male,40,2024-02-02
332,Connor,Anderson,jessica82@example.net,Destinybury,Guinea,Male,59,2024-07-12
333,Julie,Parker,nathan94@example.com,South Brianshire,Mozambique,Male,67,2024-03-24
334,Charles,Preston,dillonpatrick@example.com,Brownberg,Burundi,Male,66,2025-12-02
335,Matthew,Benitez,tthomas@example.org,South Marvinburgh,Germany,Male,33,2024-02-18
336,Brian,Hayes,kathleenjackson@example.org,Gloverland,Bulgaria,Male,19,2025-12-23
337,Ryan,Jordan,ysanford@example.org,New Jamesstad,Zambia,Male,33,2025-11-22
338,Patricia,Sherman,andrewsmith@example.net,East Heather,Guatemala,Male,48,2023-05-04
339,David,Reyes,gary04@example.com,Lunahaven,Guadeloupe,Male,54,2024-08-09
340,Pamela,Cowan,wendy75@example.org,Port Richard,Denmark,Male,47,2025-02-14
341,Jessica,Anderson,lawrencegary@example.com,South Nancyview,Sierra Leone,Female,67,2024-03-26
342,Cindy,Wheeler,stanleydesiree@example.org,Lake Darrellmouth,Hong Kong,Female,28,2025-07-21
343,Amy,Wells,jamiejennings@example.org,Robertville,Panama,Male,67,2023-10-21
344,Joseph,Obrien,robertroach@example.net,West Danielville,Luxembourg,Male,37,2025-06-29
345,Chelsea,Strickland,michaelortiz@example.org,New Tylerborough,Portugal,Male,55,2024-02-15
346,Mark,Smith,meadowsmary@example.net,Hernandezland,Slovakia (Slovak Republic),Male,37,2025-04-28
347,Charles,Cummings,dawn74@example.com,Williamsburgh,Tunisia,Female,43,2025-06-15
348,Melissa,Ward,ronald11@example.org,Port Devonburgh,Greenland,Male,22,2023-06-13
349,Patricia,Friedman,natalie15@example.com,North Richard,Korea,Male,24,2024-10-19
350,Mary,Vaughn,pmarsh@example.org,East Heatherton,Western Sahara,Female,61,2024-06-08
351,Dale,Pruitt,rpham@example.com,New Noah,Guinea-Bissau,Male,68,2023-12-16
352,Anthony,Cohen,timothyfreeman@example.com,Williamsview,Palau,Male,40,2025-11-17
353,Alexander,Oneill,tiffanysantiago@example.com,South Dorothybury,Liberia,Female,60,2024-08-13
354,Elizabeth,Davidson,marygrant@example.net,North Dawnburgh,Madagascar,Female,22,2024-10-01
355,Melissa,Booth,waltonmalik@example.com,Brentbury,Mexico,Female,18,2025-04-11
356,Nicholas,Montoya,stevenslaurie@example.com,Port Vernonmouth,British Indian Ocean Territory (Chagos Archipelago),Female,70,2026-01-06
357,Julie,Smith,jgutierrez@example.net,Port Christopherport,Tuvalu,Female,24,2025-05-24
358,Anna,Pena,xclements@example.org,Port Shawn,Monaco,Female,41,2025-06-10
359,Carol,Moran,jennifer11@example.net,North Matthew,Switzerland,Female,63,2025-11-30
360,Tamara,Carter,jacqueline02@example.com,Port Jennifer,Saint Helena,Male,45,2025-12-22
361,Daniel,Carr,davidphelps@example.org,Summersborough,Saint Barthelemy,Male,64,2025-01-07
362,Daniel,Perry,bartonshannon@example.net,South Adam,Saint Pierre and Miquelon,Female,57,2024-09-18
363,Angela,Reynolds,xglass@example.org,Lake Lisa,Bosnia and Herzegovina,Female,47,2023-06-27
364,Diane,Obrien,william66@example.net,West Raymond,Guam,Female,70,2024-12-04
365,Shawn,Anderson,vmorrison@example.net,Meganside,Tokelau,Female,38,2024-07-12
366,Jennifer,Walls,jamesweber@example.com,Samanthaberg,Russian Federation,Male,23,2024-08-12
367,Theresa,Thompson,jennifer58@example.com,Craigside,France,Female,46,2026-01-16
368,Lindsey,Mills,jamesbrian@example.org,West Karen,Central African Republic,Male,66,2025-01-28
369,Frances,Thomas,vaughnkenneth@example.net,West Lisaville,Nicaragua,Female,54,2024-07-01
370,Jodi,Hancock,yyoung@example.net,Heatherton,Vanuatu,Female,39,2026-02-25
371,Paul,Frye,tammy00@example.net,Jamesmouth,Switzerland,Male,49,2024-11-25
372,Rhonda,Bush,kari89@example.org,West Shane,Pitcairn Islands,Female,29,2024-03-28
373,Jacob,Thompson,bennettroy@example.net,Davidshire,Tanzania,Female,31,2023-08-06
374,Adam,Owens,billmcfarland@example.net,Port Sarahport,Liechtenstein,Female,69,2024-05-13
375,Andrea,Jones,alicia28@example.org,South Amy,Iraq,Female,39,2025-09-18
376,Michael,Ware,mark43@example.net,Barajastown,Brazil,Female,56,2023-09-02
377,Michael,Allen,susanfleming@example.com,Moonville,Hungary,Female,53,2026-02-15
378,Amber,Campbell,willie87@example.com,West Rachelborough,Gibraltar,Male,51,2024-05-15
379,Christopher,Davis,simsjason@example.net,Port Gina,Syrian Arab Republic,Male,23,2025-06-19
380,Jamie,Poole,elucas@example.net,North Stephen,Greenland,Male,64,2023-09-21
381,Christopher,Brown,angela93@example.com,Hughesfurt,Jersey,Female,49,2023-06-10
382,Andre,Nunez,maychristine@example.net,Lake Melaniestad,Vanuatu,Male,62,2024-08-16
383,Daniel,Buchanan,catherine47@example.com,Shorttown,Lebanon,Female,59,2025-06-02
384,Amanda,Taylor,irobles@example.com,West Erica,United States Virgin Islands,Female,46,2023-12-11
385,Nathan,Herring,davidsmith@example.net,Medinaland,Gambia,Male,23,2026-01-13
386,Kaitlin,Berger,jason82@example.org,East Christina,El Salvador,Female,32,2024-03-04
387,Danny,Lambert,yorksarah@example.net,Newmanland,French Guiana,Female,62,2024-02-08
388,Carlos,Garcia,wlynn@example.org,North Justin,Bangladesh,Male,37,2026-02-19
389,Louis,Hayes,heather29@example.net,Lindseychester,Chile,Female,48,2024-02-07
390,Lawrence,Floyd,xhill@example.org,Nataliemouth,Kiribati,Female,45,2023-04-20
391,Kim,Tucker,thompsoncatherine@example.com,New James,Saint Martin,Female,40,2024-10-21
392,Charles,Jones,atkinsoncrystal@example.net,Hammondborough,United States of America,Female,35,2025-12-11
393,Andrea,Stephens,jvaldez@example.com,Walkershire,Saint Martin,Female,34,2023-06-08
394,Dennis,Mason,sanderswayne@example.net,Port Tamara,Nicaragua,Male,25,2024-07-08
395,Gabriel,Palmer,kmoore@example.net,Lake Jessica,Wallis and Futuna,Male,38,2026-03-10
396,Billy,Juarez,bryanwood@example.org,New Rebecca,Guyana,Male,65,2024-10-21
397,Terry,Gibson,williamsdeborah@example.org,Maryview,Mozambique,Male,30,2024-12-05
398,Ashley,Bennett,pdiaz@example.org,Nicholasbury,Maldives,Male,65,2025-08-05
399,Michael,Parrish,msparks@example.org,South Gabriel,Belarus,Female,35,2025-01-02
400,Dawn,Lewis,ericguzman@example.org,South Lisa,Saint Helena,Female,24,2025-06-20
401,Timothy,Mendoza,brittanyholland@example.com,East Bradleyshire,Nauru,Male,36,2023-10-06
402,Dennis,Hunt,brianscott@example.org,Greeneshire,Northern Mariana Islands,Male,41,2023-12-19
403,Natalie,Luna,stacey37@example.net,Dillonburgh,Cyprus,Male,37,2023-05-11
404,Carolyn,Norton,cindydixon@example.org,Sandrashire,Bangladesh,Male,63,2025-01-10
405,Nicholas,Anderson,harrismichele@example.net,Serranoville,Christmas Island,Male,35,2024-04-04
406,Rachel,Greene,davisdonna@example.net,Port Erikachester,Mali,Male,21,2025-04-21
407,Mitchell,Williams,zperez@example.com,Bellshire,Bolivia,Female,62,2025-01-25
408,Dennis,Woods,reneemiller@example.net,Scotttown,Russian Federation,Male,58,2025-02-01
409,Becky,Wilson,brooksjamie@example.com,Coxberg,Japan,Female,24,2023-04-24
410,Brenda,Green,ncunningham@example.com,Fischerchester,Micronesia,Male,54,2026-01-19
411,Timothy,Wood,tking@example.net,Kimfurt,Saint Pierre and Miquelon,Female,48,2025-08-26
412,Melissa,Hopkins,seanlyons@example.org,East Williammouth,Spain,Female,46,2023-11-13
413,Christina,Cohen,martintamara@example.org,Port Dustinchester,Benin,Female,29,2025-08-15
414,Jose,Wood,ramseysarah@example.com,Jenniferton,Yemen,Male,34,2023-07-21
415,Danielle,Gonzales,melissagalvan@example.net,Jameshaven,Maldives,Female,25,2024-01-10
416,Jesse,Jackson,warddiana@example.org,West Kimberlystad,Paraguay,Male,43,2026-04-02
417,Richard,Gonzalez,mclaughlincasey@example.org,Jessicaside,United States Virgin Islands,Female,22,2024-12-16
418,Michael,Richmond,jeremy37@example.com,West Gregoryhaven,Botswana,Male,27,2025-10-04
419,Charles,Phillips,prattsue@example.net,Heatherfurt,Mongolia,Male,69,2025-08-27
420,Kayla,Todd,lmaldonado@example.org,Wilsonland,Hong Kong,Female,23,2025-05-03
421,Kristina,Robinson,laurengutierrez@example.com,Lake Marilynbury,France,Male,25,2025-12-22
422,Raymond,Goodman,charles27@example.com,Jefferyshire,Ethiopia,Female,56,2023-09-04
423,Stacey,Vega,victorgonzalez@example.net,Port Joseph,Denmark,Male,67,2024-01-21
424,Mary,Huff,eric11@example.org,Austinside,Armenia,Female,46,2024-02-21
425,Nathan,Stewart,travis84@example.com,Port Barbara,Austria,Female,37,2025-05-01
426,Lauren,Mendoza,shawphillip@example.net,South Tiffany,Qatar,Female,37,2025-07-07
427,Steve,Norris,craignicolas@example.org,Michaelview,Colombia,Male,57,2025-06-26
428,Jose,Adams,michael76@example.org,Haynesstad,Haiti,Male,66,2025-08-12
429,Joshua,White,tiffanyparks@example.org,Lindaside,Jersey,Male,58,2024-12-25
430,James,Marsh,thomassmith@example.com,Taylorhaven,Martinique,Male,34,2024-11-24
431,Kristen,Evans,rosshannah@example.org,Port Jonathan,Taiwan,Male,28,2024-08-15
432,Cole,Garner,michael88@example.com,Andrewville,Guernsey,Male,29,2025-12-16
433,Sylvia,Gonzalez,tiffanymitchell@example.com,Hamptonmouth,Tuvalu,Male,28,2026-03-03
434,Patrick,Mitchell,mirandadavidson@example.com,Welchshire,Iraq,Male,44,2023-08-12
435,Christian,Cooper,logan44@example.net,Nelsonmouth,Slovakia (Slovak Republic),Female,62,2023-08-01
436,Julie,Meyer,lgutierrez@example.org,Lake Jimmy,El Salvador,Female,36,2024-10-28
437,Kara,Clark,egarcia@example.com,North Kellihaven,Serbia,Male,32,2026-04-05
438,Dalton,Montgomery,penanicole@example.com,East Joan,Kenya,Female,63,2023-08-20
439,David,Rose,anthonyalvarado@example.com,Mcdonaldside,Vietnam,Female,62,2025-12-11
440,Amy,Taylor,brittanybryant@example.net,Millsside,Georgia,Female,22,2024-06-09
441,Timothy,Perez,ramosmichael@example.com,West Alex,Mali,Male,34,2024-10-03
442,Maurice,Harrison,wattstravis@example.com,Albertchester,South Georgia and the South Sandwich Islands,Male,45,2023-11-10
443,Carla,Robles,jacob86@example.com,East Jennifer,Oman,Male,52,2024-07-11
444,Maria,Walker,hendersonjohn@example.net,Justinside,Sudan,Male,59,2024-12-08
445,Robert,Castaneda,derrickrodriguez@example.com,Nelsonfort,Comoros,Male,35,2024-06-03
446,Andrew,Williams,lopezcurtis@example.com,Lake Samuel,Algeria,Male,22,2024-08-23
447,Christopher,Smith,matthewcollins@example.com,Steventon,Greenland,Male,28,2024-04-08
448,Megan,Lynn,adamsphilip@example.net,Whiteview,Svalbard & Jan Mayen Islands,Female,56,2023-08-15
449,Maria,Martinez,paulproctor@example.org,East Stevenville,Mali,Female,46,2024-11-25
450,Tina,Kennedy,sharon20@example.net,West Timothyport,Congo,Male,47,2026-02-10
451,Paige,Boyer,teresayoung@example.com,Alexisview,Myanmar,Female,62,2024-10-23
452,Randy,Sanchez,perkinshannah@example.net,West Kelli,Egypt,Female,35,2023-10-15
453,Vincent,Parks,sarah00@example.com,Lake Amanda,Botswana,Female,46,2023-12-13
454,Tony,Stewart,linda73@example.org,Howardberg,El Salvador,Male,56,2023-10-25
455,Todd,Kim,amy73@example.net,New Michael,Saint Martin,Male,45,2023-06-13
456,Joshua,Guerra,caseymoore@example.com,Ambermouth,Afghanistan,Female,56,2025-04-09
457,William,Gross,harveymichael@example.net,West Jennifer,Palestinian Territory,Female,19,2025-12-29
458,Lori,Lee,jcannon@example.net,Marcusmouth,Bouvet Island (Bouvetoya),Male,32,2025-07-28
459,Alexandra,Jones,gregoryjohnson@example.org,Leeton,Montserrat,Male,66,2023-09-09
460,Mary,Barrett,brandon39@example.net,North Sarahborough,Palau,Female,54,2026-01-03
461,Sarah,Collier,dowen@example.com,Shortton,Swaziland,Male,66,2025-05-15
462,Joseph,Williams,davenportchristian@example.org,North Jessicaside,Hungary,Male,48,2025-11-26
463,James,Sandoval,angelagrant@example.net,Port Daniellestad,Peru,Female,35,2024-02-01
464,Jacqueline,Simmons,jacksonhenry@example.com,Dianeside,Netherlands Antilles,Male,55,2025-03-25
465,Sarah,Orr,megan66@example.net,Charleneshire,Mayotte,Female,58,2025-03-01
466,Nicholas,Pierce,michael77@example.com,Lake Austinport,Nepal,Female,23,2024-03-10
467,Zachary,Holder,adam33@example.com,Port Lynnview,Uruguay,Female,40,2023-05-08
468,William,Duncan,clintonstevens@example.org,West Michael,Myanmar,Female,39,2025-08-20
469,Jesse,Shepherd,duncanashley@example.org,Lake Markfort,China,Female,60,2024-05-05
470,Margaret,Norris,larsonkevin@example.net,Millerton,Uruguay,Male,28,2025-05-10
471,Michael,Montoya,hconrad@example.org,Lake Kimberlyfurt,Austria,Female,44,2024-09-13
472,Alice,Flores,markwolfe@example.org,Lake Jessicafurt,Kiribati,Female,36,2024-07-29
473,Barbara,Davis,zroberts@example.org,West Christopher,Montserrat,Female,70,2025-10-23
474,Amy,Baker,xshaw@example.net,Port Dennis,Monaco,Male,47,2023-06-28
475,Tony,Pearson,annshea@example.net,East Charles,Singapore,Male,38,2024-02-14
476,Marcus,Glass,rodriguezrobert@example.com,Jamesstad,Nepal,Female,38,2025-02-09
477,Andrew,Torres,christina79@example.org,Williamsbury,Cook Islands,Male,67,2026-01-25
478,Nathaniel,Todd,rodriguezbrian@example.net,Port Marissa,France,Female,50,2026-03-12
479,Matthew,Brock,shannon05@example.org,East Amy,Sao Tome and Principe,Male,60,2023-05-04
480,Ana,Dean,heatherbarnett@example.com,West Georgeport,Cook Islands,Female,44,2024-05-18
481,Christine,Brown,jonesdonna@example.net,Michelletown,French Guiana,Male,30,2026-03-30
482,Paul,Whitney,mckeetodd@example.net,East Jamesmouth,Monaco,Female,57,2026-01-15
483,Bernard,Nielsen,matthew62@example.org,Gabriellestad,Niue,Female,58,2023-05-16
484,Joel,Good,lisa46@example.org,Jeremiahmouth,Ukraine,Female,66,2024-07-25
485,Diane,Miller,rmeyer@example.net,South John,Cape Verde,Male,31,2024-12-13
486,Tara,Browning,shane23@example.net,New Amber,South Georgia and the South Sandwich Islands,Female,53,2025-02-03
487,Michelle,Parker,russellstout@example.org,West Carlos,Martinique,Male,36,2024-02-21
488,Jack,Franco,jessicacannon@example.com,Turnerview,Canada,Female,62,2023-10-13
489,Daniel,Lopez,catherine93@example.net,East Grace,Guinea-Bissau,Female,25,2024-01-29
490,Hailey,Woods,xjoseph@example.org,Henryberg,Central African Republic,Male,58,2023-08-14
491,Jeremy,Ortiz,schaeferstephanie@example.org,Port James,Christmas Island,Male,63,2024-02-07
492,Michelle,Burns,michelle36@example.com,New Jillfurt,Saint Helena,Male,37,2025-02-23
493,Phillip,Crosby,meyershannon@example.org,New Amanda,Saint Pierre and Miquelon,Male,53,2024-08-11
494,Angela,Black,leescott@example.com,Stevenchester,French Polynesia,Female,23,2023-06-12
495,Samantha,Vaughn,stevenlucas@example.org,East Kimberlyside,Burkina Faso,Male,25,2025-11-20
496,Robert,Hayes,shawnmosley@example.org,Davismouth,Puerto Rico,Female,25,2024-12-13
497,Rebecca,Hogan,davisjasmin@example.net,Christopherfurt,Saint Lucia,Male,49,2026-01-14
498,Cheryl,Moore,kwilliams@example.com,East Misty,Christmas Island,Female,50,2025-06-15
499,Robert,Collins,lroberts@example.org,East Adam,Serbia,Female,44,2023-07-01
500,Alexander,Jimenez,astephens@example.net,Youngshire,Palestinian Territory,Female,48,2024-05-10
